song_title,emotion,file_path
Gallan_Goodiyaan__Full_Song_with_LYRICS___Dil_Dhadakne_Do___T-Series(256k),"happy,irritate,fine,ok,joy,greate,fun,excited,smile,good,trending,new","_Gallan_Goodiyaan__Full_Song_with_LYRICS___Dil_Dhadakne_Do___T-Series(256k).mp3"
Subhanallah___Full_Video_Song___Yeh_Jawaani_Hai_Deewani___Pritam___Ranbir_Kapoor,"happy,irritate,fine,ok,joy,greate,fun,excited,smile,good,trending,new","_Subhanallah___Full_Video_Song___Yeh_Jawaani_Hai_Deewani___Pritam___Ranbir_Kapoor,_Deepika_Padukone(256k).mp3"
Aankhon_Mein_Doob_Jaane_Ko___THE_9TEEN___K3G___Deewani_Hai_Dekho(256k),"happy,irritate,fine,ok,joy,greate,fun,excited,smile,good,trending,new","Aankhon_Mein_Doob_Jaane_Ko___THE_9TEEN___K3G___Deewani_Hai_Dekho(256k).mp3"
Aaye_Haaye__Official_Video____Karan_Aujla,"happy,irritate,fine,ok,joy,greate,fun,excited,smile,good,trending,new","Aaye_Haaye__Official_Video____Karan_Aujla,_Nora_Fatehi,_Neha_Kakkar,_Jay_Trak___Bhushan_Kumar(256k).mp3"
Aayi_Nai__From__Stree_2,"happy,irritate,fine,ok,joy,greate,fun,excited,smile,good,trending,new","Aayi_Nai__From__Stree_2__(256k).mp3"
Agar_Ho_Tum_-_Lyric_Video_Mr.__Mrs._Mahi_Rajkummar,"happy,irritate,fine,ok,joy,greate,fun,excited,smile,good,trending,new","Agar_Ho_Tum_-_Lyric_Video_Mr.__Mrs._Mahi_Rajkummar,_Janhvi___Tanishk,Jubin(256k).mp3"
Akhiyaan_Gulaab__Lyrics___Shahid_Kapoor,"happy,irritate,fine,ok,joy,greate,fun,excited,smile,good,trending,new","Akhiyaan_Gulaab__Lyrics___Shahid_Kapoor,_Kriti_Sanon___Mitraz___Teri_Baaton_Mein_Aisa_Uljha_Jiya(256k).mp3"
Angaaron__The_Couple_Song__Lyrical___Pushpa_2_The_Rule,"happy,irritate,fine,ok,joy,greate,fun,excited,smile,good,trending,new","Angaaron__The_Couple_Song__Lyrical___Pushpa_2_The_Rule___Allu_Arjun__Rashmika__Sukumar__DSP,_Shreya(256k).mp3"
Apna_Bana_Le_-_Full_Audio___Bhediya___Varun_Dhawan,"happy,irritate,fine,ok,joy,greate,fun,excited,smile,good,trending,new","Apna_Bana_Le_-_Full_Audio___Bhediya___Varun_Dhawan,_Kriti_Sanon__Sachin-Jigar,Arijit_Singh,Amitabh_B(256k).mp3"
Assi_Sajna_-_Official_Lyric_Video___Jasleen_Royal(256k),"happy,irritate,fine,ok,joy,greate,fun,excited,smile,good,trending,new","Assi_Sajna_-_Official_Lyric_Video___Jasleen_Royal(256k).mp3"
Badshah_X_Arijit_Singh_-_Soulmate__Official_Lyric_Video____EK_THA_RAJA(256k),"happy,irritate,fine,ok,joy,greate,fun,excited,smile,good,trending,new","Badshah_X_Arijit_Singh_-_Soulmate__Official_Lyric_Video____EK_THA_RAJA(256k).mp3"
Badtameez_Dil_Full_Song_With_Lyrics_Yeh_Jawaani_Hai_Deewani___Ranbir_Kapoor,"happy,irritate,fine,ok,joy,greate,fun,excited,smile,good,trending,new","Badtameez_Dil_Full_Song_With_Lyrics_Yeh_Jawaani_Hai_Deewani___Ranbir_Kapoor,_Deepika_Padukone(256k).mp3"
Badtameez_Dil_Full_Song_With_Lyrics_Yeh_Jawaani_Hai_Deewani___Ranbir_Kapoor,"happy,irritate,fine,ok,joy,greate,fun,excited,smile,good,trending,new","ratiyaan.mpeg"
Bombay_The_Artist,"happy,irritate,fine,ok,joy,greate,fun,excited,smile,good,trending,new,not sad","Bombay_The_Artist,_Charan_-_Vekh_Sohneyaa__Lyric_Video_(256k).mp3"
Buddhu_Sa_Mann_Lyric_Video_–_Kapoor___Sons___Sidharth___Alia___Fawad___Rishi_Kapoor___Armaan___Amaal(256k),"happy,irritate,fine,ok,joy,greate,fun,excited,smile,good,trending,new","Buddhu_Sa_Mann_Lyric_Video_–_Kapoor___Sons___Sidharth___Alia___Fawad___Rishi_Kapoor___Armaan___Amaal(256k).mp3"
Darshan_Raval_-_Mannat_Official_Lyrical,"happy,irritate,fine,ok,joy,greate,fun,excited,smile,good,trending,new","Darshan_Raval_-_Mannat_Official_Lyrical_Video_(256k).mp3"
Daru_Desi__Full_Video_Song,"happy,irritate,fine,ok,joy,greate,fun,excited,smile,good,trending,new","Daru_Desi__Full_Video_Song____Cocktail___Saif_Ali_Khan,_Deepika_Padukone___Diana_Penty___Pritam(256k).mp3"
Deva_Deva_-_Lyrical_Song___Brahmāstra,"happy,irritate,fine,ok,joy,greate,fun,excited,smile,good,trending,new","Deva_Deva_-_Lyrical_Song___Brahmāstra___Arijit_Singh,_Jonita_Gandhi___Ranbir_K,_Alia_Bhatt___Pritam(256k).mp3"
Dil_Jhoom___Gadar_2___Arijit_Singh,"happy,irritate,fine,ok,joy,greate,fun,excited,smile,good,trending,new","Dil_Jhoom___Gadar_2___Arijit_Singh___Sunny_Deol,_Utkarsh_Sharma,_Simratt_K___Mithoon,_Sayeed_Quadri(256k).mp3"
Ghungroo_Song___WAR___Hrithik_Roshan,"happy,irritate,fine,ok,joy,greate,fun,excited,smile,good,trending,new","Ghungroo_Song___WAR___Hrithik_Roshan,_Vaani_Kapoor___Arijit_Singh,_Shilpa___Vishal___Shekhar,_Kumaar(256k).mp3"
Gore_Gore_Mukhde_Pe_Ishq_Vishk_Rebound,"happy,irritate,fine,ok,joy,greate,fun,excited,smile,good,trending,new","Gore_Gore_Mukhde_Pe_Ishq_Vishk_Rebound__Rohit,Pashmina,Jibraan,Naila_Udit,@badshahlive@Nikhita,Hiten(256k).mp3"
Heeriye__Official,"happy,irritate,fine,ok,joy,greate,fun,excited,smile,good,trending,new","Heeriye__Official_Video__Jasleen_Royal_ft_Arijit_Singh__Dulquer_Salmaan__Aditya_Sharma__Taani_Tanvir(256k).mp3"
Heropanti___Raat_Bhar_Full_Song_with_Lyrics,"happy,irritate,fine,ok,joy,greate,fun,excited,smile,good,trending,new","Heropanti___Raat_Bhar_Full_Song_with_Lyrics___Tiger_Shroff___Arijit_Singh,_Shreya_Ghoshal(256k).mp3"
Ik_Vaari_Aa_Full_Song___Raabta,"happy,irritate,fine,ok,joy,greate,fun,excited,smile,good,trending,new","Ik_Vaari_Aa_Full_Song___Raabta___Sushant_Singh_Rajput___Kriti_Sanon___Pritam_Arijit_Singh_Amitabh_B(256k).mp3"
ILAHI_FULL_SONG_WITH_LYRICS,"happy,irritate,fine,ok,joy,greate,fun,excited,smile,good,trending,new","ILAHI_FULL_SONG_WITH_LYRICS_YEH_JAWAANI_HAI_DEEWANI___PRITAM___RANBIR_KAPOOR,_DEEPIKA_PADUKONE(256k).mp3"
Ishq_Di_Baajiyaan_-_Lyrical,"happy,irritatefine,ok,joy,greate,fun,excited,smile,good,trending,new","Ishq_Di_Baajiyaan_-_Lyrical_Video___Soorma___Diljit_Dosanjh___Taapsee_Pannu___Shankar_Ehsaan_Loy(256k).mp3"
Jaadui__Song__Tu_Jhoothi_Main_Makkaar,"happy,irritate,fine,ok,joy,greate,fun,excited,smile,good,trending,new","Jaadui__Song__Tu_Jhoothi_Main_Makkaar___Ranbir,_Shraddha___Pritam___Jubin_Nautiyal___Amitabh_B(256k).mp3"
Janiye__Lyrics____Vishal_Mishra,"happy,irritate,fine,ok,joy,greate,fun,excited,smile,good,trending,new","Janiye__Lyrics____Vishal_Mishra,_Rashmeet_Kuar_(256k).mp3"
Tauba_Tauba_-_Karan_Aujla__Lyrics,"happy,irritate,fine,ok,joy,greate,fun,excited,smile,good,trending,new","Tauba_Tauba_-_Karan_Aujla__Lyrics_English_Meaning_(256k).mp3"
Tere_Pyaar_Mein_,"happy,irritate,fine,ok,joy,greate,fun,excited,smile,good,trending,new","Tere_Pyaar_Mein__Full_Video__Tu_Jhoothi_Main_Makkaar__Ranbir,Shraddha__Pritam_Arijit,Nikhita,Amitabh(256k).mp3"
Uyi_Amma_-,"happy,irritate,fine,ok,joy,greate,fun,excited,smile,good,trending,new","Uyi_Amma_.mp3"
Gallan_Goodiyaan__Full_Song_with_LYRICS,romantic,"_Gallan_Goodiyaan__Full_Song_with_LYRICS___Dil_Dhadakne_Do___T-Series(256k).mp3"
Subhanallah___Full_Video_Song___Yeh_Jawaani_Hai_Deewani,romantic,"_Subhanallah___Full_Video_Song___Yeh_Jawaani_Hai_Deewani___Pritam___Ranbir_Kapoor,_Deepika_Padukone(256k).mp3"
Aankhon_Mein_Doob_Jaane_Ko___THE_9TEEN,romantic,"Aankhon_Mein_Doob_Jaane_Ko___THE_9TEEN___K3G___Deewani_Hai_Dekho(256k).mp3"
Aaye_Haaye__Official_Video____Karan_Aujla,romantic,"Aaye_Haaye__Official_Video____Karan_Aujla,_Nora_Fatehi,_Neha_Kakkar,_Jay_Trak___Bhushan_Kumar(256k).mp3"
Aayi_Nai__From__Stree_2,romantic,"Aayi_Nai__From__Stree_2__(256k).mp3"
Agar_Ho_Tum_-_Lyric,romantic,"Agar_Ho_Tum_-_Lyric_Video_Mr.__Mrs._Mahi_Rajkummar,_Janhvi___Tanishk,Jubin(256k).mp3"
Akhiyaan_Gulaab__Lyrics___Shahid_Kapoor,romantic,"Akhiyaan_Gulaab__Lyrics___Shahid_Kapoor,_Kriti_Sanon___Mitraz___Teri_Baaton_Mein_Aisa_Uljha_Jiya(256k).mp3"
Angaaron__The_Couple_Song__Lyrical,romantic,"Angaaron__The_Couple_Song__Lyrical___Pushpa_2_The_Rule___Allu_Arjun__Rashmika__Sukumar__DSP,_Shreya(256k).mp3"
Apna_Bana_Le_,romantic,"Apna_Bana_Le_-_Full_Audio___Bhediya___Varun_Dhawan,_Kriti_Sanon__Sachin-Jigar,Arijit_Singh,Amitabh_B(256k).mp3"
Assi_Sajna_-_Official_Lyric,romantic,"Assi_Sajna_-_Official_Lyric_Video___Jasleen_Royal(256k).mp3"
Badshah_X_Arijit_Singh_-_Soulmate__Official_Lyric,romantic,"Badshah_X_Arijit_Singh_-_Soulmate__Official_Lyric_Video____EK_THA_RAJA(256k).mp3"
Badtameez_Dil_Full_Song_With_Lyrics,romantic,"Badtameez_Dil_Full_Song_With_Lyrics_Yeh_Jawaani_Hai_Deewani___Ranbir_Kapoor,_Deepika_Padukone(256k).mp3"
Bombay_The_Artist,romantic,"Bombay_The_Artist,_Charan_-_Vekh_Sohneyaa__Lyric_Video_(256k).mp3"
Buddhu_Sa_Mann_Lyric,romantic,"Buddhu_Sa_Mann_Lyric_Video_–_Kapoor___Sons___Sidharth___Alia___Fawad___Rishi_Kapoor___Armaan___Amaal(256k).mp3"
Darshan_Raval_-_Mannat_Official_Lyrical,romantic,"Darshan_Raval_-_Mannat_Official_Lyrical_Video_(256k).mp3"
Daru_Desi__Full_Video_Songt,romanticy,"Daru_Desi__Full_Video_Song____Cocktail___Saif_Ali_Khan,_Deepika_Padukone___Diana_Penty___Pritam(256k).mp3"
Deva_Deva_-_Lyrical,romantic,"Deva_Deva_-_Lyrical_Song___Brahmāstra___Arijit_Singh,_Jonita_Gandhi___Ranbir_K,_Alia_Bhatt___Pritam(256k).mp3"
Dil_Jhoom___Gadar_2___Arijit_Singh_,romantic,"Dil_Jhoom___Gadar_2___Arijit_Singh___Sunny_Deol,_Utkarsh_Sharma,_Simratt_K___Mithoon,_Sayeed_Quadri(256k).mp3"
aaj_ki_raat,romantic,"aaj_ki_raat.mp3"
Ghungroo_Song_,happy,"Ghungroo_Song___WAR___Hrithik_Roshan,_Vaani_Kapoor___Arijit_Singh,_Shilpa___Vishal___Shekhar,_Kumaar(256k).mp3"
_Baaton_Ko_Teri,sad song,"sad song/_Baaton_Ko_Teri__Full_AUDIO_Song___Arijit_Singh___Abhishek_Bachchan,_Asin___T-Series(256k).mp3"
Tum_Hi_Ho__Aashiqui_2,sad song,"sad song/_Tum_Hi_Ho__Aashiqui_2_Full_Song_With_Lyrics___Aditya_Roy_Kapur,_Shraddha_Kapoor(256k).mp3"
Ae_Dil_Hai_Mushkil,sad song,"sad song/Ae_Dil_Hai_Mushkil_Title_Track_Full_Video_-_Ranbir,_Anushka,_Aishwarya_Arijit_Pritam(256k).mp3"
Agar_Tum_Saath_Ho,sad song,"sad song/Agar_Tum_Saath_Ho_FULL_AUDIO_Song___Tamasha___Ranbir_Kapoor,_Deepika_Padukone___T-Series(256k).mp3"
ANIMAL_Pehle_Bhi_Main,sad song,"sad song/ANIMAL_Pehle_Bhi_Main_Full_Video____Ranbir_Kapoor,Tripti_Dimri__Sandeep_V__Vishal_M,Raj_S__Bhushan_K(256k).mp3"
Hamari_Adhuri_Kahani__Lyrict,sad song,"sad song/Arijit_Singh,_Jeet_Gannguli_-_Hamari_Adhuri_Kahani__Lyrics_(256k).mp3"
Asal_Mein_-,sad song,"sad song/Asal_Mein_-_Darshan_Raval___Official_Lyrical_Video___Indie_Music_Label(256k).mp3"
Bolna_Lyric,sad song,"sad song/Bolna_Lyric_Video_-_Kapoor___Sons___Sidharth___Alia___Fawad___Arijit___Asees___Tanishk(256k).mp3"
KHAIRIYAT_,sad song,"sad song/Full_Song__KHAIRIYAT__BONUS_TRACK____CHHICHHORE___Sushant,_Shraddha___Pritam,_Amitabh_B_Arijit_Singh(256k).mp3"
CHALE_AANA___De_De_Pyaar_De,sad song,"sad song/Full_Video__CHALE_AANA___De_De_Pyaar_De_I_Ajay_Devgn,_Tabu,_Rakul_Preet_l_Armaan_M,_Amaal_M,Kunaal_V(256k).mp3"
Heartless__Main_Dhoondne_Ko_Zamaane_Mein,sad song,"sad song/Heartless__Main_Dhoondne_Ko_Zamaane_Mein_Full_Song___Arijit_Singh___Adhyayan_Suman,_Ariana_Ayam(256k).mp3"
Humnava_Mere_Lyrical,sad song,"sad song/Humnava_Mere_Lyrical_Video___Jubin_Nautiyal___Manoj_Muntashir___Rocky_-_Shiv___Bhushan_Kumar(256k).mp3"
Kaise_Hua___Kabir_Singh_,sad song,"sad song/LYRICAL__Kaise_Hua___Kabir_Singh___Shahid_K,_Kiara_A,_Sandeep_V___Vishal_Mishra,_Manoj_Muntashir(256k).mp3"
Main_Rahoon_Ya_Na_Rahoon_,sad song,"sad song/Main_Rahoon_Ya_Na_Rahoon_Full_LYRICAL_Video___Emraan_Hashmi,_Esha_Gupta___Amaal_Mallik,_Armaan_Malik(256k).mp3"
Mann_Bharryaa_2.0,sad song,"sad song/Mann_Bharryaa_2.0_–_Official_Video___Shershaah___Sidharth_–_Kiara___B_Praak___Jaani(256k).mp3"
Mehrama_-_Official_Lyric,sad song,"sad song/Mehrama_-_Official_Lyric_Video___Love_Aaj_Kal___Kartik___Sara___Pritam___Darshan(256k).mp3"
MESSENGER_,sad song,"sad song/MESSENGER_VIDEO_CALL_PRANK___NEW_TREND_BACKGROUND_VIDEO_PRANK_#messengervideocallprank___#newtrend(360p).mp4"
Phir_Bhi_Tumko_Chaahunga_-,sad song,"sad song/Phir_Bhi_Tumko_Chaahunga_-_Full_Song___Arijit_Singh___Arjun_K___Shraddha_K___Mithoon,_Manoj_M(256k).mp3"
Raanjhan__LYRICS__-_Do_Patti_,sad song,"sad song/Raanjhan__LYRICS__-_Do_Patti___Kriti_Sanon,_Shaheer_S___Parampara_Tandon___Sachet_Tandon,_Kausar_M(256k).mp3"
Ranjha_–_Official,sad song,"sad song/Ranjha_–_Official_Video___Shershaah___Sidharth–Kiara___B_Praak___Jasleen_Royal___Romy___Anvita_Dutt(256k).mp3"
Tere_Hawale__LYRICS__-_Arijit_Singh,sad song,"sad song/Tere_Hawale__LYRICS__-_Arijit_Singh,_Shilpa_Rao___Aamir,_Kareena___Pritam___Laal_Singh_Chaddha(256k).mp3"
Tum_Hi_Aana_-_LYRICS,sad song,"sad song/Tum_Hi_Aana_-_LYRICS_Marjaavan___Jubin_Nautiyal___Ritesh_D___Sidharth_M___Payal_Dev_SubhamMix_Lyrics(256k).mp3"
Aashayein_Lyrical_,"sad,unhappy,broken,crying,emotional,heartbroken","motivation/Aashayein_Lyrical_Song_Video_-_Iqbal___Naseeruddin,_Shreyas___KK,_Salim_Merchant___Motivational_Song(256k).mp3"
Bandeya_Re_Bandeya___Simbha,"sad,unhappy,broken,crying,emotional,heartbroken","motivation/Bandeya_Re_Bandeya___Simbha___Arijit_Singh__Lyrics_Song(256k).mp3"
BESABRIYAAN_Full_Song_,"sad,unhappy,broken,crying,emotional,heartbroken","motivation/BESABRIYAAN_Full_Song_Audio___M._S._DHONI_-_THE_UNTOLD_STORY___Sushant_Singh_Rajput___Latest_Songs(256k).mp3"
Brothers_Anthem_Lyric,"sad,unhappy,broken,crying,emotional,heartbroken","motivation/Brothers_Anthem_Lyric_Video_-_Brothers___Akshay_Kumar___Sidharth_Malhotra(256k).mp3"
Chak_De!_India_,"sad,unhappy,broken,crying,emotional,heartbroken","motivation/Chak_De!_India_[English_Translation]_Lyrics(256k).mp3"
Chal_Utth_Bandeya_,"sad,unhappy,broken,crying,emotional,heartbroken","motivation/Chal_Utth_Bandeya_Full_Song_with_Lyrics___DO_LAFZON_KI_KAHANI___Randeep_Hooda,_Kajal_Aggarwal(256k).mp3"
Dangal_-,"sad,unhappy,broken,crying,emotional,heartbroken","motivation/Dangal_-_Title_Track___Lyrical_Video___Dangal___Aamir_Khan___Pritam___Amitabh_B___Daler_Mehndi(256k).mp3"
Dhaakad_-_Lyrics,"sad,unhappy,broken,crying,emotional,heartbroken","motivation/Dhaakad_-_Lyrics_Video___Dangal___Aamir_Khan___Pritam___Amitabh_Bhattacharya___Raftaar(256k).mp3"
Ek Zindagi -,"sad,unhappy,broken,crying,emotional,heartbroken","motivation/Ek Zindagi - Angrezi Medium 320 Kbps.mp3"
Jagga_Jiteya_-,"sad,unhappy,broken,crying,emotional,heartbroken","motivation/Jagga_Jiteya_-_Full_Audio___URI___Vicky_Kaushal,_Yami_Gautam__Daler_Mehndi,_Dee_MC,_Shashwat_Sachdev(256k).mp3"
Lakshya_,"sad,unhappy,broken,crying,emotional,heartbroken","motivation/Lakshya_Full_Video_-_Title_Track_Hrithik_Roshan_Shankar_Ehsaan_Loy_Javed_Akhtar(256k).mp3"
Piyush_Mishra__Aarambh__Lyrical_,"sad,unhappy,broken,crying,emotional,heartbroken","motivation/Piyush_Mishra__Aarambh__Lyrical_Video_Song___Gulaal___K._K._Menon,_Abhimannyu_Singh,_Mahi_Gill(256k).mp3"
Sanju__KAR_HAR_MAIDAAN_FATEH_,"sad,unhappy,broken,crying,emotional,heartbroken","motivation/Sanju__KAR_HAR_MAIDAAN_FATEH_Full_Video_Song___Ranbir_Kapoor___Rajkumar_Hirani(256k).mp3"
Ziddi_Dil_-_Lyrical_,"sad,unhappy,broken,crying,emotional,heartbroken","motivation/Ziddi_Dil_-_Lyrical_Video___Mary_Kom___Vishal_Dadlani___Priyanka_Chopra___HD(256k).mp3"
Zinda_Lyric_,"sad,unhappy,broken,crying,emotional,heartbroken","motivation/Zinda_Lyric_Video_-_Bhaag_Milkha_Bhaag_Farhan_Akhtar_Siddharth_Mahadevan_Prasoon_Joshi(256k).mp3"
Calm Song PlayList,calm,Bollywood_Sukoon_Mix___Non-Stop_Soothing_Songs___Slow_Hindi_Songs___T-Series(48k).mp3

Angry Song,angry,Feel_Good_Hindi_Songs___Audio_Jukebox___Upbeat_Bollywood_Songs(48k).mp3
Apna_Bana_Le_,arijit,"Arijit_Singh/Apna_Bana_Le_-_Full_Audio___Bhediya___Varun_Dhawan,_Kriti_Sanon__Sachin-Jigar,Arijit_Singh,Amitabh_B(256k).mp3"
Badshah_X_Arijit_Singh_-_Soulmate,arijit,"Arijit_Singh/Badshah_X_Arijit_Singh_-_Soulmate__Official_Lyric_Video____EK_THA_RAJA(256k).mp3"
Deva_Deva_-_Lyrical,arijit,"Arijit_Singh/Deva_Deva_-_Lyrical_Song___Brahmāstra___Arijit_Singh,_Jonita_Gandhi___Ranbir_K,_Alia_Bhatt___Pritam(256k).mp3"
Dil_Jhoom___Gadar_2_,arijit,"Arijit_Singh/Dil_Jhoom___Gadar_2___Arijit_Singh___Sunny_Deol,_Utkarsh_Sharma,_Simratt_K___Mithoon,_Sayeed_Quadri(256k).mp3"
Full_Song__KHAIRIYAT_,arijit,"Arijit_Singh/Full_Song__KHAIRIYAT__BONUS_TRACK____CHHICHHORE___Sushant,_Shraddha___Pritam,_Amitabh_B_Arijit_Singh(256k).mp3"
Heeriye__Official,arijit,"Arijit_Singh/Heeriye__Official_Video__Jasleen_Royal_ft_Arijit_Singh__Dulquer_Salmaan__Aditya_Sharma__Taani_Tanvir(256k).mp3"
JAWAN__Chaleya_,arijit,"Arijit_Singh/JAWAN__Chaleya__Hindi____Shah_Rukh_Khan___Nayanthara___Atlee___Anirudh___Arijit_S,_Shilpa_R___Kumaar(256k).mp3"
Lutt_Putt_Gaya__,arijit,"Arijit_Singh/Lutt_Putt_Gaya__Full_Video__Shah_Rukh_Khan,Taapsee,Rajkumar_H,Pritam,Arijit,Swanand,IP Singh___Dunki(256k).mp3"
Tera_Fitoor_Lyrical,arijit,"Arijit_Singh/Tera_Fitoor_Lyrical_-_Genius___Utkarsh_Sharma,_Ishita_Chauhan___Arijit_Singh___Himesh_Reshammiya(256k).mp3"
Zaalima___Raees_,arijit,"Arijit_Singh/Zaalima___Raees___Shah_Rukh_Khan___Mahira_Khan___Arijit_Singh___Harshdeep_Kaur___JAM8___Pritam(256k).mp3"
BOL_DO_NA_ZARA__,arman,"arman_malik/BOL_DO_NA_ZARA_Full_Video_Song___AZHAR___Emraan_Hashmi,_Nargis_Fakhri___Armaan_Malik,_Amaal_Mallik(256k).mp3"
Full_Song__Pehla_Pyaar__,arman,"arman_malik/Full_Song__Pehla_Pyaar___Kabir_Singh___Shahid_Kapoor,_Kiara_Advani___Armaan_Malik___Vishal_Mishra(256k).mp3"
_CHALE_AANA___De_De_Pyaar_De,arman,"arman_malik/Full_Video__CHALE_AANA___De_De_Pyaar_De_I_Ajay_Devgn,_Tabu,_Rakul_Preet_l_Armaan_M,_Amaal_M,Kunaal_V(256k).mp3"
JAB_TAK_,arman,"arman_malik/JAB_TAK_Full_Video___M.S._DHONI_-THE_UNTOLD_STORY___Armaan_Malik,_Amaal_Mallik__Sushant_Singh_Rajput(256k).mp3"
Main_Rahoon_Ya_Na_Rahoon_,arman,"arman_malik/Main_Rahoon_Ya_Na_Rahoon_Full_LYRICAL_Video___Emraan_Hashmi,_Esha_Gupta___Amaal_Mallik,_Armaan_Malik(256k).mp3"
_Tu_Chahiye__,atif,"Atif_Aslam/_Tu_Chahiye__FULL_VIDEO_Song_-_Atif_Aslam_Pritam___Bajrangi_Bhaijaan___Salman_Khan,_Kareena_Kapoor(256k).mp3"
Aadat__Juda_Hoke_Bhi___,atif,"Atif_Aslam/Aadat__Juda_Hoke_Bhi____Atif_Aslam___Kunal_Khemu___Kalyug___Sayeed_Q___Emraan_Hashmi(256k).mp3"
_Dekhte_Dekhte_Lyrical_,atif,"Atif_Aslam/Atif_A__Dekhte_Dekhte_Lyrical___Batti_Gul_Meter_Chalu___Shahid_K_Shraddha___Nusrat_Saab_Rochak_Manoj(256k).mp3"
_Musafir_Audio__,atif,"Atif_Aslam/Atif_Aslam__Musafir_Audio___Sweetiee_Weds_NRI___Himansh_Kohli,Zoya_Afroz___Palak____Palash_Muchhal(256k).mp3"
Pehli_Dafa_Song_,atif,"Atif_Aslam/Atif_Aslam__Pehli_Dafa_Song__Video____Ileana_D’Cruz___Latest_Hindi_Song_2017___T-Series(256k).mp3"
_Tere_Bin_s_Lyrics_,atif,"Atif_Aslam/Atif_Aslam_s_Tere_Bin_s_Lyrics(256k).mp3"
Bairiyaa___Ramaiya_Vastavaiya_,atif,"Atif_Aslam/Bairiyaa___Ramaiya_Vastavaiya___Girish_Kumar___Shruti_Haasan___Atif_Aslam,_Shreya_Ghoshal(256k).mp3"
Dil_Meri_Na_Sune_Lyrical__,atif,"Atif_Aslam/Dil_Meri_Na_Sune_Lyrical_-_Genius___Utkarsh_Sharma,_Ishita___Atif_Aslam___Himesh_Reshammiya(256k).mp3"
Jeena_Jeena__Audio_Song_,atif,"Atif_Aslam/Jeena_Jeena__Audio_Song____Badlapur___Varun_Dhawan,_Yami_Gautam___Nawazuddin_Siddiqui(256k).mp3"
_Dil_Diyan_Gallan_Song_with_Lyrics_,atif,"Atif_Aslam/Lyrical___Dil_Diyan_Gallan_Song_with_Lyrics___Tiger_Zinda_Hai___Vishal_and_Shekhar___Irshad_Kamil(256k).mp3"
_PANIYON_SA___Satyameva_Jayate_,atif,"Atif_Aslam/Lyrical___PANIYON_SA___Satyameva_Jayate___John_Abraham___Aisha___Tulsi_Kumar___Atif_Aslam__Rochak_K(256k).mp3"
_Piya_O_Re_Piya_Full_Song_,atif,"Atif_Aslam/Lyrics_-_Piya_O_Re_Piya_Full_Song___Atif_Aslam,_Shreya_Ghoshal___Mayur_Puri,_Sachin_-_Jigar___TNLHG(256k).mp3"
Main_Rang_Sharbaton_Ka___Arijit_Singh,atif,"Atif_Aslam/Main_Rang_Sharbaton_Ka___Arijit_Singh___Phata_Poster_Nikhla_Hero___2013(256k).mp3"
O_Meri_Laila_-_Lyrical_,atif,"Atif_Aslam/O_Meri_Laila_-_Lyrical___Laila_Majnu___Atif_Aslam___Jyotica_Tangri___Avinash_Tiwary___Tripti_Dimri(256k).mp3"
O_Saathi_Lyrical_,atif,"Atif_Aslam/O_Saathi_Lyrical_Video___Baaghi_2___Tiger_Shroff___Disha_Patani___Arko___Ahmed_Khan_Sajid_Nadiadwala(256k).mp3"
Pehli_Nazar_Mein_Kaise_Jaado_Kar_Diya___,atif,"Atif_Aslam/Pehli_Nazar_Mein_Kaise_Jaado_Kar_Diya___Atif_Aslam_Hits___Race_I_Akshaye,_Bipasha___Saif_Ali(256k).mp3"
Rang_Jo_Lagyo_Lyrical__,atif,"Atif_Aslam/Rang_Jo_Lagyo_Lyrical___Ramaiya_Vastavaiya___Girish_Kumar,_Shruti_Haasan__Atif_Aslam,_Shreya_Ghoshal(256k).mp3"
Tera_Hone_Laga_Hoon___,atif,"Atif_Aslam/Tera_Hone_Laga_Hoon___Atif_Aslam___Alisha_Chinai___Ajab_Prem_Ki_Ghazab_Kahani___2009(128k).mp3"
Tera_Hua_Video_Song__,atif,"Atif_Aslam/Tera_Hua_Video_Song_With_Lyrics___Atif_Aslam___Loveyatri___Aayush_Sharma___Warina_Hussain__Tanishk_B(256k).mp3"
Tere_Sang_Yaara_-_,atif,"Atif_Aslam/Tere_Sang_Yaara_-_Full_Audio___Rustom___Akshay_Kumar___Ileana_D_cruz___Arko___Atif_Aslam___Manoj_M(256k).mp3"
Toota_Jo_Kabhi_Tara_,atif,"Atif_Aslam/Toota_Jo_Kabhi_Tara_-_Tiger_Shroff_,_Jacqueline___Atif_Aslam,_Sumedha_K___Sachin_Jigar(256k).mp3"
Tu_Jaane_Na_Lyrical_,atif,"Atif_Aslam/Tu_Jaane_Na_Lyrical_-_Ajab_Prem_Ki_Ghazab_Kahani___Atif_Aslam___Ranbir_Kapoor,_Katrina_Kaif___Pritam(256k).mp3"
Woh_Lamhe_Woh_Baatein__,atif,"Atif_Aslam/Woh_Lamhe_Woh_Baatein__From__Zeher__(256k).mp3"
जीने_लगा_हूँ_पहले_से_ज़्यादा_पहले_से_ज़्यादा_तुमपे_मरने_लगा_हूँ_,atif,"Atif_Aslam/जीने_लगा_हूँ_पहले_से_ज़्यादा_पहले_से_ज़्यादा_तुमपे_मरने_लगा_हूँ_-_Jeene_Laga_Hoon___Hindi_Song(256k).mp3"
Asal_Mein_,darshan,"darshan_rav/Asal_Mein_-_Darshan_Raval___Official_Lyrical_Video___Indie_Music_Label(256k).mp3"
Mahiye_Jinna_Sohna_Official_Lyrical,darshan,"darshan_rav/Mahiye_Jinna_Sohna_Official_Lyrical_Video___Darshan_Raval___Lijo_George___Dard___Naushad_Khan(256k).mp3"
Mehrama_-_Official_Lyric_,darshan,"darshan_rav/Mehrama_-_Official_Lyric_Video___Love_Aaj_Kal___Kartik___Sara___Pritam___Darshan(256k).mp3"
O_Beliya_Official_Music,darshan,"darshan_rav/O_Beliya_Official_Music_Video___Darshan_Raval___Ahsaas_Channa___Naushad_Khan___Out_Of_Control(256k).mp3"
Soni_Soni___Ishq_Vishk_Rebound__,darshan,"darshan_rav/Soni_Soni___Ishq_Vishk_Rebound___Rohit_Saraf,_Pashmina__@DarshanRavalDZ@jonitamusic,_Rochak,Gurpreet(256k).mp3"
Born_To_Shine__,diljit,"diljit/Diljit_Dosanjh__Born_To_Shine__Audio__G.O.A.T.___Latest_Punjabi_Song_2020(256k).mp3"
_Kinni_Kinni__Official_,diljit,"diljit/Diljit_Dosanjh__Kinni_Kinni__Official_Audio__GHOST___Thiarajxtt,_Raj_Ranjodh(256k).mp3"
Lemonade___Visualiser__,diljit,"diljit/Diljit_Dosanjh__Lemonade___Visualiser____Drive_Thru(256k).mp3"
_G.O.A.T.__Official_Music,diljit,"diljit/Diljit_Dosanjh_-_G.O.A.T.__Official_Music_Video_(256k).mp3"
Hass_Hass__Official__,diljit,"diljit/Hass_Hass__Official_Video__Diljit_X_Sia(256k).mp3"
Pehle_Bhi_Main_,vishal,"vishal_mishra/ANIMAL_Pehle_Bhi_Main_Full_Video____Ranbir_Kapoor,Tripti_Dimri__Sandeep_V__Vishal_M,Raj_S__Bhushan_K(256k).mp3"
Janiye___Music,vishal,"vishal_mishra/Janiye___Music_Video___Chor_Nikal_Ke_Bhaga___Vishal_Mishra,_Rashmeet_Kaur__Netflix_India(256k).mp3"
Khoobsurat_-_Lyrical,vishal,"vishal_mishra/Khoobsurat_-_Lyrical_____Stree_2___Varun_Dhawan___Shraddha_Kapoor___Rajkummar_Rao___Vishal_Mishra(256k).mp3"
_Kaise_Hua___Kabir_Singh_,vishal,"vishal_mishra/LYRICAL__Kaise_Hua___Kabir_Singh___Shahid_K,_Kiara_A,_Sandeep_V___Vishal_Mishra,_Manoj_Muntashir(256k).mp3"
MANJHA__Lyrics_,vishal,"vishal_mishra/MANJHA__Lyrics__Aayush_Sharma___Saiee_M_Manjrekar___Vishal_Mishra___Riyaz_Aly___Anshul_Gar(256k).mp3"
Sun_Raha_Hai_Na_Tu_,shreya,"shreya_ghoshal/_Sun_Raha_Hai_Na_Tu_Female_Version__By_Shreya_Ghoshal_Aashiqui_2_Full_Video_Song__(256k).mp3"
Bahara_Full_,shreya,"shreya_ghoshal/Bahara_Full_Video_-_I_Hate_Luv_Storys_Sonam_Kapoor,_Imran_Shreya_Ghoshal,_Sona_Mohapatra(256k).mp3"
Dagabaaz_Re_,shreya,"shreya_ghoshal/Dagabaaz_Re_Full_Song__Audio__Dabangg_2__Feat._Salman_Khan,_Sonakshi_Sinha(256k).mp3"
_naino_ki_jo_baat__Naino_ki_jo_baat_naina_,shreya,"shreya_ghoshal/Female_version_naino_ki_jo_baat__Naino_ki_jo_baat_naina_jaane_hai_prateeksha_srivastava,ChandraSurya(256k).mp3"
Pal_Full_Video_-_,shreya,"shreya_ghoshal/Pal_Full_Video_-_Jalebi_Arijit_Singh_Shreya_Ghoshal_Rhea___Varun_Javed_-_Mohsin(256k).mp3"
Teri_Ore__,shreya,"shreya_ghoshal/Teri_Ore___Full_Audio__Singh_Is_Kinng__Akshay_K_Katrina_K_Pritam_Rahat_Fateh_Ali_Khan_Shreya_Ghoshal(256k).mp3"
Tujh_Mein_Rab_Dikhta_Hai_,shreya,"shreya_ghoshal/Tujh_Mein_Rab_Dikhta_Hai___Female_Version___Rab_Ne_Bana_Di_Jodi,_SRK,_Anushka_Sharma,_Shreya_Ghoshal(256k).mp3"
VE_KAMLEYA_-_ARIJIT_SINGH_,shreya,"shreya_ghoshal/VE_KAMLEYA_-_ARIJIT_SINGH____SHREYA_GOSHAL___Lyrics_____Lyrical_7(256k).mp3"
Aaye_Haaye__Official,neha,"neha_kakker/Aaye_Haaye__Official_Video____Karan_Aujla,_Nora_Fatehi,_Neha_Kakkar,_Jay_Trak___Bhushan_Kumar(256k).mp3"
Dil_Ko_Karaar_Aaya__,neha,"neha_kakker/Dil_Ko_Karaar_Aaya_-_Sidharth_Shukla___Neha_Sharma___Neha_Kakkar___YasserDesai___Rajat_Nagpal___Rana(256k).mp3"
DILBAR_Lyrical__,neha,"neha_kakker/DILBAR_Lyrical___Satyameva_Jayate__John_Abraham,_Nora_Fatehi,Tanishk_B,_Neha_Kakkar,Dhvani,_Ikka(256k).mp3"
_O_SAKI_SAKI___Batla_House_,neha,"neha_kakker/Full_Song__O_SAKI_SAKI___Batla_House___Nora_Fatehi,_Tanishk_B,Neha_K,Tulsi_K,_B_Praak,Vishal-Shekhar(256k).mp3"
_Tu_Hi_Yaar_Mera___,neha,"neha_kakker/LYRICAL__Tu_Hi_Yaar_Mera___Pati_Patni_Aur_Woh___Kartik_A,_Bhumi_P,_Ananya_P___Rochak,Arijit_S,Neha_K(256k).mp3"
Mile_Ho_Tum_-_,neha,"neha_kakker/Mile_Ho_Tum_-_Reprise_Version___Neha_Kakkar___Tony_Kakkar___Fever___Gaurav_Jang(256k).mp3"
Har_Kisi_Ko___Boss,neeti,"niti_mohan/_Har_Kisi_Ko___Boss__Arijit_Singh,_Neeti_Mohan___Akshay_Kumar,_Sonakshi_Sinha_Lyrics_Bollywood_Songs(256k).mp3"
Sadi_Gali_Full_Song_,neeti,"niti_mohan/_Sadi_Gali_Full_Song__Nautanki_Saala_★_Ayushmann_Khurrana,_Pooja_Salvi(256k).mp3"
Ishq_Wala_Love___,neeti,"niti_mohan/Ishq_Wala_Love____SOTY___Alia_Bhatt,_Sidharth_Malhotra,_Varun_Dhawan___Neeti_Mohan___4K(256k).mp3"
Jiya_Re_Song___,neeti,"niti_mohan/Jiya_Re_Song___Jab_Tak_Hai_Jaan___Shah_Rukh_Khan___Anushka___Neeti_Mohan___A._R._Rahman(256k).mp3"
Kashmir_Main_Tu_Kanyakumari_Lyrical_,neeti,"niti_mohan/Kashmir_Main_Tu_Kanyakumari_Lyrical__Chennai_Express__Shahrukh_K,_Deepika_P,Sunidhi_C,Arijit_S,Neeti(256k).mp3"
Kheech_Meri_Photo,neeti,"niti_mohan/Kheech_Meri_Photo(256k).mp3"
_Kudiye_Ni_Song___Feat.,neeti,"niti_mohan/LYRICAL__Kudiye_Ni_Song___Feat.__Aparshakti_Khurana___Sargun_Mehta___Neeti_Mohan___New_Song_2019(256k).mp3"
Meri_Jaan__Lyrics___,neeti,"niti_mohan/Meri_Jaan__Lyrics____Gangubai_Kathiawadi___Alia_Bhatt,_Neeti_Mohan,_Sanjay_Leela_Bhansali,_Kumaar(256k).mp3"
Naino_wale_Ne_-,neeti,"niti_mohan/Naino_wale_Ne_-_Padmaavat__Lyrics_(256k).mp3"
Sapna_Jahan_-_Lyric_,neeti,"niti_mohan/Sapna_Jahan_-_Lyric_Video___Brothers___Akshay_Kumar___Jacqueline_Fernandez(256k).mp3"
Sooryavanshi__Mere_Yaaraa_Song__,neeti,"niti_mohan/Sooryavanshi__Mere_Yaaraa_Song___Akshay_Kumar,_Katrina_Kaif,_Rohit_Shetty,_Arijit_S_Neeti___JAM8_KAG(256k).mp3"
Tu_Hain_Toh_-_Neeti_Mohan_,neeti,"niti_mohan/Tu_Hain_Toh_-_Neeti_Mohan_Version___Mr.___Mrs._Mahi___Rajkummar,_Janhvi___Hunny,_Bunny,_Sagar(256k).mp3"
Tu_Hi_Tu__Reprise___,neeti,"niti_mohan/Tu_Hi_Tu__Reprise____Kick___Neeti_Mohan___Salman_Khan___Jacqueline_Fernandez(256k).mp3"
Hum_Mar_Jayenge__Aashiqui_2,tulsi,"Tulsi Kumar/_Hum_Mar_Jayenge__Aashiqui_2_Full_Song_With_Lyrics___Aditya_Roy_Kapur,_Shraddha_Kapoor(256k).mp3"
Piya_Aaye_Na__Aashiqui_2,tulsi,"Tulsi Kumar/_Piya_Aaye_Na__Aashiqui_2_Full_Song_with_Lyrics___Aditya_Roy_Kapur,_Shraddha_Kapoor(256k).mp3"
Chahun_Main_Ya_Naa__Aashiqui_2,palak,"palak muchal/_Chahun_Main_Ya_Naa__Aashiqui_2_Full_Song_With_Lyrics___Aditya_Roy_Kapur,_Shraddha_Kapoor(256k).mp3"
PREM_RATAN_DHAN_PAYO_,palak,"palak muchal/_PREM_RATAN_DHAN_PAYO__Title_Song__Full_VIDEO____Salman_Khan,_Sonam_Kapoor___Palak_Muchhal_T-Series(256k).mp3"
Baatein_Ye_Kabhi_Na__,palak,"palak muchal/Baatein_Ye_Kabhi_Na__Female_(256k).mp3"
Kabhi_Yaadon_Mein__Lyrical,palak,"palak muchal/Kabhi_Yaadon_Mein__Lyrical_Video__Divya_Khosla_Kumar___Arijit_Singh,_Palak_Muchhal(256k).mp3"
KAUN_TUJHE__Lyrical,palak,"palak muchal/KAUN_TUJHE__Lyrical___M.S._DHONI_-THE_UNTOLD_STORY___Amaal_Mallik_Palak___Sushant_Singh_Disha_Patani(256k).mp3"
Meri_Aashiqui_,palak,"palak muchal/Meri_Aashiqui_Full_Song__Audio__Aashiqui_2___Arijit_Singh,_Palak_Muchhal,_Mithoon(256k).mp3"
Tu_Hi_Hai_Aashiqui_Lyrics_,palak,"palak muchal/Tu_Hi_Hai_Aashiqui_Lyrics_-_Arijit_Singh_,_Palak_Muchhal(256k).mp3"
Duniya_Lyrics_,dhvani,"Bhanushali/Duniya_Lyrics_With_English_Translation_-_Luka_Chuppi___Kartik_Aaryan_Kriti_Sanon___Akhil___Dhvani_B(256k).mp3"
Meri_Aashiqui_,dhvani,"Bhanushali/ISHARE_TERE_Song___Guru_Randhawa,_Dhvani_Bhanushali___DirectorGifty___Bhushan_Kumar(256k).mp3"
Leja_Re__Audio_Song___,dhvani,"Bhanushali/Leja_Re__Audio_Song____Dhvani_Bhanushali___Tanishk_Bagchi___Rashmi_Virag___Siddharth(256k).mp3"
Lyrical__Psycho_Saiyaan___Saaho_,dhvani,"Bhanushali/Lyrical__Psycho_Saiyaan___Saaho___Prabhas,_Shraddha_Kapoor___Tanishk_Bagchi,_Dhvani_B,_Sachet_T(256k).mp3"
Nayan_Lyrical_Song__,dhvani,"Bhanushali/Nayan_Lyrical_Song___Dhvani_B_Jubin_N__Lijo_G_Dj_Chetas_Manoj_M_Manhar_U___Radhika_Vinay___Bhushan_K(256k).mp3"
Sauda_Khara_Khara_-_Lyrical__,dhvani,"Bhanushali/Sauda_Khara_Khara_-_Lyrical___Good_Newwz___Akshay,_Kareena,_Diljit,_Kiara___Sukhbir___Dhvani(256k).mp3"
Vaaste_Song_,dhvani,"Bhanushali/Vaaste_Song__Dhvani_Bhanushali,_Tanishk_Bagchi___Nikhil_D_Souza___Bhushan_Kumar___Radhika_R,_Vinay_S(256k).mp3"
Blue_Eyes__,honey,"honey_singh/Blue_Eyes_Full_Video_Song_Yo_Yo_Honey_Singh___Blockbuster_Song_Of_2013(256k).mp3"
Dheere_Dheere_Se_Meri_,honey,"honey_singh/Dheere_Dheere_Se_Meri_Zindagi_Video_Song__OFFICIAL__Hrithik_Roshan,_Sonam_Kapoor___Yo_Yo_Honey_Singh(256k).mp3"
Exclusive__LOVE_DOSE,honey,"honey_singh/Exclusive__LOVE_DOSE_Full_Video_Song___Yo_Yo_Honey_Singh,_Urvashi_Rautela___Desi_Kalakaar(256k).mp3"
JATT_MEHKMA_SONG_,honey,"honey_singh/JATT_MEHKMA_SONG__Full_Video___YO_YO_HONEY_SINGH___GLORY___BHUSHAN_KUMAR(256k).mp3"
Kuley_Kuley__,honey,"honey_singh/Kuley_Kuley___Honey_3.0___Yo_Yo_Honey_Singh___Apache_Indian___Zee_Music_Originals(256k).mp3"
Mere_Mehboob_Qayamat_Hogi_,honey,"honey_singh/Mere_Mehboob_Qayamat_Hogi_-_Yo_Yo_Honey_Singh(256k).mp3"
MILLIONAIRE_SONG__,honey,"honey_singh/MILLIONAIRE_SONG__Full_Video___@YoYoHoneySingh____GLORY___BHUSHAN_KUMAR(256k).mp3"
SUPERMAN_Video_Song_,honey,"honey_singh/SUPERMAN_Video_Song___ZORAWAR___Yo_Yo_Honey_Singh___T-Series(256k).mp3"
Main_Agar_Kahoon,sonu,"sonu/Abhi_Mujh_Mein_Kahin__From__Agneepath__(256k).mp3"
Bole_Chudiyan,sonu,"sonu/Bole_Chudiyan(256k).mp3"
Main_Agar_Kahoon,sonu,"sonu/Main_Agar_Kahoon(256k).mp3"
Mere_Dholna_3.0__Sonu_Nigam,sonu,"sonu/Mere_Dholna_3.0__Sonu_Nigam_Version___From__Bhool_Bhulaiyaa_3__(256k).mp3"
Soniyo(256k),sonu,"sonu/Soniyo(256k).mp3"
Zoobi_Doobi__From__3_Idiots__(256k),sonu,"sonu/Zoobi_Doobi__From__3_Idiots__(256k).mp3"
A.R._Rahman_-_Tere_Bina,a r rahman,"a r rahman/A.R._Rahman_-_Tere_Bina_Best_Video__Guru_Aishwarya_Rai_Abhishek_Bachchan_Chinmayi(256k).mp3"
Jaane_Tu_Ya_Jaane_Na,a r rahman,"a r rahman/Lyrical__Kabhi_Kabhi_Aditi_Zindagi___Jaane_Tu_Ya_Jaane_Na___A.R._Rahman___Rashid_Ali(256k).mp3"
Rait_Zara_Si__Lyrical____Atrangi_Re,a r rahman,"a r rahman/Rait_Zara_Si__Lyrical____Atrangi_Re___@ARRahman_Akshay,_Dhanush,Sara,Arijit,_Shashaa,_Bhushan_K(256k).mp3"
Kun_Faya_Kun,a r rahman,"a r rahman/ROCKSTAR__Kun_Faya_Kun__Full_Video_Song____Ranbir_Kapoor___A.R._Rahman,_Javed_Ali,_Mohit_Chauhan(256k).mp3"
Vande_Mataram,a r rahman,"a r rahman/Vande_Mataram_-_A.R._Rahman_Maa_Tujhe_Salaam_Official_Video_Mehboob_Bharat_Bala(256k).mp3"
Abhi_Na_Jao_Chhod_Kar,mohammed rafi,"mohammed rafi/Abhi_Na_Jao_Chhod_Kar_Full_Lyrics_Translation___Mohammed_Rafi,_Asha_Bhosle___Hum_Dono___Dev_Anand(256k).mp3"
Chura_Liya_Hai_Tumne_Jo_Dil_Ko,mohammed rafi,"mohammed rafi/Chura_Liya_Hai_Tumne_Jo_Dil_Ko____4K_Video______Yaadon_Ki_Baaraat___Zeenat_A___Asha_B,_Mohammed_Rafi(256k).mp3"
Gulabi_Aankhen_jo_teri_dekhi_old_song,mohammed rafi,"mohammed rafi/Gulabi_Aankhen_jo_teri_dekhi_old_song___गुलाबी_आँखें_जो_तेरी_देखी___Mohammed_Rafi___R._D._Burman(256k).mp3
Kya_Hua_Tera_Wada,mohammed rafi,"mohammed rafi/Kya_Hua_Tera_Wada___Lyrics____Mohammad_Rafi___Old_song(256k).mp3
ikhe_Jo_Khat_Tujhe,mohammed rafi,"mohammed rafi/Likhe_Jo_Khat_Tujhe___4K_Video___Kanyadaan___Shashi_Kapoor,_Asha_Parekh___Mohammed_Rafi(256k).mp3"
Pal_Pal_Dil_Ke_Paas,kishor kumar,"kishor kumar/Blackmail_-_Pal_Pal_Dil_Ke_Paas_Tum_Rehti_Ho_-_Kishore_Kumar(256k).mp3"
Neele_Neele_Ambar_Par,kishor kumar,"kishor kumar/Neele_Neele_Ambar_Par__Male_Version__-_Kalaakaar_Kishore_Kumar_Sridevi_Kunal_Goswami(256k).mp3"
O_Mere_Dil_Ke_Chain,kishor kumar,"kishor kumar/O_Mere_Dil_Ke_Chain___Lyrics__Kishore_Kumar(256k).mp3"
Yeh_Shaam_Mastani,kishor kumar,"kishor kumar/Yeh_Shaam_Mastani_4K___Kishore_Kumar___Rajesh_Khanna___Kati_Patang___Classic_Bollywood_4K_Video_Song(256k).mp3"
एक_अजनबी_हसीना_से,kishor kumar,"kishor kumar/एक_अजनबी_हसीना_से_4K_-_किशोर_कुमार_-_राजेश_खन्ना_-_Ajanabee_Movie_Songs(256k).mp3"
Agar_Ho_Tum,jubin,"jubin/Agar_Ho_Tum_-_Lyric_Video_Mr.__Mrs._Mahi_Rajkummar,_Janhvi___Tanishk,Jubin(256k).mp3"
Dil_Galti_Kar_Baitha_Hai,jubin,"jubin/Dil_Galti_Kar_Baitha_Hai__Lyrical____Meet_Bros_Ft._Jubin_Nautiyal___Mouni_Roy___Manoj_M___Ashish_P(256k).mp3"
Humnava_Mere,jubin,"jubin/Humnava_Mere_Lyrical_Video___Jubin_Nautiyal___Manoj_Muntashir___Rocky_-_Shiv___Bhushan_Kumar(256k).mp3"
Raataan_Lambiyan,jubin,"jubin/Raataan_Lambiyan_-_Lyric_Video__Shershaah_Sidharth,_Kiara_Tanishk_B._Jubin_Asees(256k).mp3"
Tum_Hi_Aana_Lyric,jubin,"jubin/Tum_Hi_Aana_Lyrics_-_Marjaavan___Jubin_Nautiyal___Ritesh_D___Sidharth_M___Payal_Dev(256k).mp3"
Genda_Phool,badshah,"badshah/Badshah_–_Genda_Phool___Jacqueline_Fernandez___Payal_Dev___Hit_Anthem_of_the_Year_2021(256k) - Copy.mp3"
Jugnu,badshah,"badshah/Badshah_-_Jugnu__Official_Video____Nikhita_Gandhi___Akanksha_Sharma(256k).mp3"
Soulmate,badshah,"badshah/Badshah_X_Arijit_Singh_-_Soulmate__Official_Lyric_Video____EK_THA_RAJA(256k).mp3"
Paani_Paani,badshah,"badshah/Paani_Paani_-_Lyrics__Badshah___Aastha_Gill(256k).mp3"
Proper_Patola,badshah,"badshah/Proper_Patola_-_Official_Video___Namaste_England___Arjun___Parineeti___Badshah___Diljit___Aastha(256k).mp3"
She_Move_It_Like,badshah,"badshah/She_Move_It_Like_-_Official_Video___Badshah___Warina_Hussain___ONE_Album(256k).mp3"
Beete_Lamhe,kk,"kk/_Beete_Lamhe__Lyrical_Video_Song____The_Train___K.K.___Mithoon___Emraan_Hashmi,_Geeta_Basra(256k).mp3"
Ajab_Si,kk,"kk/Ajab_Si__Lyrics__Aankho_Mein_Teri_Om_Shanti_Om_KK_@tseries_#songlyrics_#viral(256k).mp3"
Alvida,kk,"kk/Alvida__LYRICS__-_K.K._💔___Pritam___Life_In_A_Metro___Kangana_Ranaut,_Shilpa_Shetty___Anurag_Basu(256k).mp3"
Dil_Kyun_Yeh_Mera_Shor_Kare,kk,"kk/Dil_Kyun_Yeh_Mera_Shor_Kare__Lyrics_video__-_KK(256k).mp3"
Haan_Tu_Hain,kk,"kk/Haan_Tu_Hain_Audio_Song_-_Jannat_Emraan_Hashmi,_Sonal_Chauhan_KK_Pritam_Sayeed_Quadri(256k).mp3"
KHUDA_JAANE,kk,"kk/KHUDA_JAANE_FULL_SONG__LYRICS__-_K.K.___SHILPA_RAO___BACHNA_AE_HASEENO(256k).mp3"
Dil_Ibaadat_Kar_Raha_Hai,kk,"kk/KK___Dil_Ibaadat_Kar_Raha_Hai__Lyrical_Video____Emraan_Hashmi___Soha_Ali_Khan___Pritam___Tum_Mile(256k).mp3"
Tadap_Tadap_Ke,kk,"kk/Tadap_Tadap_Ke_FULL_SONG_WITH__LYRICS_Krishnakumar_Kunnath__K.K_,_Ismail_Darbar,_Mehboob_Alam_Kotwal(256k).mp3"
TU_HI_MERI_SHAB_HAI,kk,"kk/TU_HI_MERI_SHAB_HAI__LYRICS__-_K.K.___GANGSTER___PRITAM___EMRAAN_HASHMI(256k).mp3"
Zara_Sa,kk,"kk/Zara_Sa_Lyric_Video_-_Jannat_Emraan_Hashmi,_Sonal_Chauhan_KK_Pritam_Sayeed_Quadri(256k).mp3"
Baahon_mein_Chale_Aao,lata mangeshkar,"lata mangeshkar/Baahon_mein_Chale_Aao_Lyrics(256k).mp3"
Dushman_Na_Kare_Dost_Ne_Wo,lata mangeshkar,"lata mangeshkar/Dushman_Na_Kare_Dost_Ne_Wo_Kaam___Amit_Kumar,_Lata_Mangeshkar___Aakhir_Kyon_1985_Songs___Smita_Patil(256k) - Copy.mp3"
Lag_Jaa_Gale,lata mangeshkar,"lata mangeshkar/Lag_Jaa_Gale_-_Sadhana,_Lata_Mangeshkar,_Woh_Kaun_Thi_Romantic_Song(256k).mp3"
Mehndi_Laga_Ke_Rakhna,lata mangeshkar,"lata mangeshkar/Mehndi_Laga_Ke_Rakhna_Full_Song_With_Lyrics_By_Lata_Mangeshkar____Udit_Narayan(256k).mp3"
Mere_Khwabon_Mein,lata mangeshkar,"lata mangeshkar/Mere_Khwabon_Mein___Lyrical_Song___Dilwale_Dulhania_Le_Jayenge___Kajol,_SRK___Lata_Mangeshkar___DDLJ(256k).mp3"
डफली_वाले_डफली_बजा,lata mangeshkar,"lata mangeshkar/डफली_वाले_डफली_बजा_-_Lyrical_4K_Song___Lata_Mangeshkar___जया_प्रदा_-_ऋषि_कपूर(256k).mp3"

Aashayein_Lyrical_,motivation,"motivation/Aashayein_Lyrical_Song_Video_-_Iqbal___Naseeruddin,_Shreyas___KK,_Salim_Merchant___Motivational_Song(256k).mp3"
Bandeya_Re_Bandeya___Simbha,motivation,"motivation/Bandeya_Re_Bandeya___Simbha___Arijit_Singh__Lyrics_Song(256k).mp3"
BESABRIYAAN_Full_Song_,motivation,"motivation/BESABRIYAAN_Full_Song_Audio___M._S._DHONI_-_THE_UNTOLD_STORY___Sushant_Singh_Rajput___Latest_Songs(256k).mp3"
Brothers_Anthem_Lyric,motivation,"motivation/Brothers_Anthem_Lyric_Video_-_Brothers___Akshay_Kumar___Sidharth_Malhotra(256k).mp3"
Chak_De!_India_,motivation,"motivation/Chak_De!_India_[English_Translation]_Lyrics(256k).mp3"
Chal_Utth_Bandeya_,motivation,"motivation/Chal_Utth_Bandeya_Full_Song_with_Lyrics___DO_LAFZON_KI_KAHANI___Randeep_Hooda,_Kajal_Aggarwal(256k).mp3"
Dangal_-,motivation,"motivation/Dangal_-_Title_Track___Lyrical_Video___Dangal___Aamir_Khan___Pritam___Amitabh_B___Daler_Mehndi(256k).mp3"
Dhaakad_-_Lyrics,motivation,"motivation/Dhaakad_-_Lyrics_Video___Dangal___Aamir_Khan___Pritam___Amitabh_Bhattacharya___Raftaar(256k).mp3"
Ek Zindagi -,motivation,"motivation/Ek Zindagi - Angrezi Medium 320 Kbps.mp3"
Jagga_Jiteya_-,motivation,"motivation/Jagga_Jiteya_-_Full_Audio___URI___Vicky_Kaushal,_Yami_Gautam__Daler_Mehndi,_Dee_MC,_Shashwat_Sachdev(256k).mp3"
Lakshya_,motivation,"motivation/Lakshya_Full_Video_-_Title_Track_Hrithik_Roshan_Shankar_Ehsaan_Loy_Javed_Akhtar(256k).mp3"
Piyush_Mishra__Aarambh__Lyrical_,motivation,"motivation/Piyush_Mishra__Aarambh__Lyrical_Video_Song___Gulaal___K._K._Menon,_Abhimannyu_Singh,_Mahi_Gill(256k).mp3"
Sanju__KAR_HAR_MAIDAAN_FATEH_,motivation,"motivation/Sanju__KAR_HAR_MAIDAAN_FATEH_Full_Video_Song___Ranbir_Kapoor___Rajkumar_Hirani(256k).mp3"
Ziddi_Dil_-_Lyrical_,motivation,"motivation/Ziddi_Dil_-_Lyrical_Video___Mary_Kom___Vishal_Dadlani___Priyanka_Chopra___HD(256k).mp3"
Zinda_Lyric_,motivation,"motivation/Zinda_Lyric_Video_-_Bhaag_Milkha_Bhaag_Farhan_Akhtar_Siddharth_Mahadevan_Prasoon_Joshi(256k).mp3"
_Aisa_Jaadu_Dala_Re__,sunidhichauhan,"sunidhi chauhan/_Aisa_Jaadu_Dala_Re_[Full_Song]____Khakee___Lara_Dutta___Akshaye_Kumar(256k).mp3"
_Sheila_Ki_Jawani___,sunidhichauhan,"sunidhi chauhan/_Sheila_Ki_Jawani__Full_Song___Tees_Maar_Khan___Katrina_Kaif___Vishal_Dadlani,_Sunidhi_Chauhan(256k).mp3"
Aa_Zara_Kareeb_Se__LYRICS__,sunidhichauhan,"sunidhi chauhan/Aa_Zara_Kareeb_Se__LYRICS__-_Sunidhi_Chauhan___Murder_2___Emraan_Hashmi,_Jacqueline_Fernandez(256k).mp3"
Beedi_-__,sunidhichauhan,"sunidhi chauhan/Beedi_-_Full_Audio_Song___Omkara___Bipasha_Basu___Ajay_Devgan,_Saif_Ali_Khan,_Vivek_Oberoi(256k).mp3"
Bhage_Re_Man_Lyrical_,sunidhichauhan,"sunidhi chauhan/Bhage_Re_Man_Lyrical_Video___Chameli___Sunidhi_Chauhan___Irshad_Kamil___Kareena_Kapoor,_Rahul_Bose(256k).mp3"
Chhaila___Shreya_Ghoshal_x_Sunidhi_Chauhan_,sunidhichauhan,"sunidhi chauhan/Chhaila___Shreya_Ghoshal_x_Sunidhi_Chauhan___Salim_Sulaiman___Shraddha_Pandit___Bhoomi_2024(256k).mp3"
Chor_Bazari_lyrics_,sunidhichauhan,"sunidhi chauhan/Chor_Bazari_lyrics_[hindi___english](256k).mp3"
Dhoom_Machale_Song__,sunidhichauhan,"sunidhi chauhan/Dhoom_Machale_Song___DHOOM,_Esha_Deol,_John_Abraham,_Abhishek,_Uday,_Sunidhi_Chauhan,_Pritam,_Sameer(256k).mp3"
Dilliwali_Girlfriend_,sunidhichauhan,"sunidhi chauhan/Dilliwali_Girlfriend_Full_Song_Yeh_Jawaani_Hai_Deewani___Ranbir_Kapoor,_Deepika_Padukone___Pritam(256k).mp3"
Ishq_Sufiyana_,sunidhichauhan,"sunidhi chauhan/Ishq_Sufiyana_.mp3"
Kamli_Song__,sunidhichauhan,"sunidhi chauhan/Kamli_Song___Dhoom_3___Katrina_Kaif,__Aamir_Khan___Sunidhi_Chauhan___Pritam___Amitabh_Bhattacharya(256k).mp3"
Mere_Haath_Mein_,sunidhichauhan,"sunidhi chauhan/Mere_Haath_Mein___Full_Song___Fanaa___Aamir_Khan,_Kajol___Sonu_Nigam,_Sunidhi_Chauhan___Jatin-Lalit(256k).mp3"
Ali_Maula_Audio_Song__,qawali,"qawwali/Ali_Maula_Audio_Song_-_Kurbaan_Kareena_Kapoor,_Saif_Ali_Khan_Salim-Sulaiman_Niranjan_I(256k).mp3"
Arziyan_Lyrics_,qawali,"qawwali/Arziyan_Lyrics__By_Ar_Rahman__Maula_Maula_Lyrics____Javed_Ali__Lyrics(256k).mp3"
_Tajdar-e-Haram__Atif_Aslam,qawali,"qawwali/Coke_Studio_Season_8__Tajdar-e-Haram__Atif_Aslam(256k).mp3"
Kun_Faya_Kun_lyrics_,qawali,"qawwali/Kun_Faya_Kun_lyrics__Rockstar_Ranbir_Kapoor___A.R._Rahman,_Javed_Ali,_MohitChauhan(256k).mp3"
_Bhar_Do_Jholi_Meri__,qawali,"qawwali/Lyrical____Bhar_Do_Jholi_Meri____Adnan_Sami_Pritam___Bajrangi_Bhaijaan___Salman_Khan(256k).mp3"
Aisa_Damru_Bajaya_Bhole_Nath_Ne___Lyrics__,"god,bholenath","Bholenath/Aisa_Damru_Bajaya_Bhole_Nath_Ne___Lyrics___Original_Music___Damru_Bajaya___Hansraj_Raghuwanshi__(128k).mp3"
Laagi_Lagan_Shankara__,"god,bholenath","Bholenath/Laagi_Lagan_Shankara___Hansraj_Raghuwanshi___Komal_Saklani___Holi_Special_2021___Ricky___Jamie__(128k).mp3"
Namo_Namo_-_Lyrical__,"god,bholenath","Bholenath/Namo_Namo_-_Lyrical___Kedarnath___Sushant_Rajput___Sara_Ali_Khan___Amit_Trivedi___Amitabh_B(128k).mp3"
Sawan_Special_भोले_से_भोले_बाबा__,"god,bholenath","Bholenath/Sawan_Special_भोले_से_भोले_बाबा_BHOLE_SE_BHOLE_BABA_SHAHNAAZ_AKHTAR_शहनाज़_अख्तर__MOB.9753716278(128k).mp3"
बेटा_हु_महाकाल_का__,"god,bholenath","Bholenath/बेटा_हु_महाकाल_का_!_Bhole_Baba_Mere_Hai_Main_Beta_Hu_Mahakal_Ka_!_Nitin_Bhagwan_!_Shree_Darshan(128k).mp3"
सावन_स्पेशल___महाकाल_नजर_आए_,"god,bholenath","Bholenath/सावन_स्पेशल___महाकाल_नजर_आए___Kishan_Bhagat___Mahakal_Nazar_Aaye___New_Shiv_Bhajan___Ujjain_Ke_Raja(128k).mp3"
Bigdi_Meri_Bana_De_Devi__,navratri,"Navratri/Bigdi_Meri_Bana_De_Devi_Bhajan_By_Lakhbir_Singh_Lakkha_[Full_Song]_Beta_Bulaye(128k).mp3"
Maay_Bhavani___Tanhaji,navratri,"Navratri/Full_Video__Maay_Bhavani___Tanhaji__The_Unsung_Warrior___Ajay,_Kajol___Sukhwinder_S,_Shreya_G(128k).mp3"
MORI_MAIYA_KI_CHUNAR_UDI_JAYE_,navratri,"Navratri/MORI_MAIYA_KI_CHUNAR_UDI_JAYE_-_मोरी_मईया_की_चुनर_उड़_जाये_-_SHAHNAZ_AKHTAR_-_Ajaz_Khan(128k).mp3"
नवरात्रि_Special__Maiya_Ka_Chola_Hai_,navratri,"Navratri/नवरात्रि_Special__Maiya_Ka_Chola_Hai_Rangla_with_Lyrics,🙏Devi_Bhajan🙏,LAKHBIR_SINGH_LAKKHA,माता_भजन(128k).mp3"
प्यारा_सजा_है_तेरा_द्वार_भवानी_,navratri,"Navratri/प्यारा_सजा_है_तेरा_द्वार_भवानी_I_Pyara_Saja_Hai_Tera_Dwar_Bhawani_I_LAKHBIR_SINGH_LAKKHA_I_Navratri(128k).mp3"
Daddy__Aala_Re_Aala_Ganesha_Song,ganpati,"Ganpati/Daddy__Aala_Re_Aala_Ganesha_Song_With_Lyrics___Ganesh_Chaturthi_Special_2017(128k).mp3"
Deva Shree Ganesha - Agneepath,ganpati,"Ganpati/Deva Shree Ganesha - Agneepath.mp3"
Gajanana__Uncut,ganpati,"Ganpati/Gajanana__Uncut_Full_Song____Bajirao_Mastani___Sukhwinder_Singh___Ranveer_Singh,_Priyanka,_Deepika(128k).mp3"
Morya_Re_-_Bedardi__,ganpati,"Ganpati/Morya_Re_-_Bedardi___Jasraj_Joshi___Arun_Nalawada,_Omkar_Kulkarni___Pooja_Narang(128k).mp3"
Suno_Ganpati_Bappa_Morya_Lyrical,ganpati,"Ganpati/Suno_Ganpati_Bappa_Morya_Lyrical___Judwaa_2___Varun_Dhawan___Jacqueline___Taapsee___Sajid-Wajid(128k).mp3"
JALTE_DIYE__,diwali,"Diwali/_JALTE_DIYE__Full_VIDEO_song___PREM_RATAN_DHAN_PAYO___Salman_Khan,_Sonam_Kapoor___T-Series(128k).mp3"
Din_Din_Diwali_-_Diwali_,diwali,"Diwali/Din_Din_Diwali_-_Diwali.mp3"
Happy_Diwali__Full_Song_,diwali,"Diwali/Happy_Diwali__Full_Song__Film_-_Home_Delivery-_Aapko...Ghar_Tak(128k).mp3"
आई_है_दिवाली_सुनो_जी_घरवाली,diwali,"Diwali/आई_है_दिवाली_सुनो_जी_घरवाली_HD_-_आमदनी_अठन्नी_खर्चा_रुपइया_-_गोविंदा,_जूही_चावला,_तबु_-_Diwali_Son(128k).mp3"
आली_दिवाळी___Aali_Diwali__,diwali,"Diwali/आली_दिवाळी___Aali_Diwali___Official_Song___Superhit_Diwali_Song___Satyam_Patil___Yukta_Patil(128k).mp3"
HoliSong___Holi_Ke_Din_Dil_Khil_Jate_Hain_,holi,"Holi/HoliSong___Holi_Ke_Din_Dil_Khil_Jate_Hain.mp3"
Balam_Pichkari_Full_Song,holi,"Holi/Balam_Pichkari_Full_Song_Video_Yeh_Jawaani_Hai_Deewani___PRITAM___Ranbir_Kapoor,_Deepika_Padukone(128k).mp3"
Holi_Mein_Rangeele___Holi_Special__,holi,"Holi/Holi_Mein_Rangeele___Holi_Special_Dance___Dance_video(128k).mp3"
Hori_Khele_Raghuveera,holi,"Holi/Hori_Khele_Raghuveera_Full_Song___Baghban___Amitabh_Bachchan,_Hema_Malini(128k).mp3"
Rang_Barse_Song___Holi_Song_,holi,"Holi/Rang_Barse_Song___Holi_Song___Silsila___Amitabh_Bachchan,_Rekha,_Sanjeev,_Jaya___रंग_बरसे___होली_गीत(128k).mp3"
Aaj_Sajeya__Lyrics_,"wedding,marriage","weding/Aaj_Sajeya__Lyrics____Alaya_F___Goldie_Sohel___Trending_Wedding_Song_2021(256k).mp3"
afreen_afreen_song_lyrics,"wedding,marriage","weding/afreen_afreen_song_lyrics(256k).mp3"
Ananya_-_Teri_Meri_Kahani__Lyrics,"wedding,marriage","weding/Ananya_-_Teri_Meri_Kahani__Lyrics_(256k).mp3"
Badri_Ki_Dulhania__,"wedding,marriage","weding/Badri_Ki_Dulhania__Title_Track__Varun,_Alia,_Tanishk,_Neha,_Monali,_Ikka____Badrinath_Ki_Dulhania_(256k).mp3"
Chunnari_Chunnari__,"wedding,marriage","weding/Chunnari_Chunnari___Biwi_No.1___Salman_Khan___Sushmita_Sen___Abhijeet_Bhattacharya___Anuradha_Sriram(256k).mp3"
Dilbaro_-_Lyrical_,"wedding,marriage","weding/Dilbaro_-_Lyrical___Raazi___Alia_Bhatt___Vicky_Kaushal___Harshdeep_Kaur,_Vibha_S,_Shankar_Mahadevan(256k).mp3"
Din Shagna Da,"wedding,marriage","weding/Din Shagna Da_Lyrical_Video____Phillauri___Anushka_Sharma,_Diljit_Dosanjh___Jasleen_Royal(256k).mp3"
Do_Anjaane_Ajnabi___Vivah_,"wedding,marriage","weding/Do_Anjaane_Ajnabi___Vivah___Shreya_Ghoshal,_Udit_Narayan___AVS(256k).mp3"
Joote_Do_Paise_Lo,"wedding,marriage","weding/Joote_Do_Paise_Lo_Full_Song_With_Lyrics___Hum_Aapke_Hain_Koun___Salman_Khan___Madhuri_Dixit(256k).mp3"
Kala_Chashma_-_,"wedding,marriage","weding/Kala_Chashma_-_Full_Video__Baar_Baar_Dekho__Sidharth_Katrina___Prem_Hardeep_Kam_Badshah_Neha_Indeep(256k).mp3"
Kanda_Kacheya_Ne__,"wedding,marriage","weding/Kanda_Kacheya_Ne__From__Daana_Paani__Soundtrack_(256k).mp3"
Karan_Aujla_-_Tauba_Tauba,"wedding,marriage","weding/Karan_Aujla_-_Tauba_Tauba__Lyrics_(256k).mp3"
Kudmayi_-_Lyrical_,"wedding,marriage","weding/Kudmayi_-_Lyrical___Rocky_Aur_Rani_Kii_Prem_Kahaani___Ranveer___Alia___Shahid___Pritam__Amitabh(256k).mp3"
MADHANYA_-_Rahul_Vaidya_,"wedding,marriage","weding/MADHANYA_-_Rahul_Vaidya___Disha_Parmar___Asees_Kaur__Lijo-DJ_Chetas__Anshul_Garg___Wedding_Song_2021(256k).mp3"
Mehndi_Laga_Ke_Rakhna__,"wedding,marriage","weding/Mehndi_Laga_Ke_Rakhna_Full_Song_With_Lyrics_By_Lata_Mangeshkar____Udit_Narayan(256k).mp3"
Mujhse_Shadi_Karogi_,"wedding,marriage","weding/Mujhse_Shadi_Karogi_Full_Song___Mujhse_Shaadi_Karogi(256k).mp3"
Nachdi_Phira_-,"wedding,marriage","weding/Nachdi_Phira_-_Full_Audio___Secret_Superstar___Aamir_Khan___Zaira_Wasim___Amit_Trivedi___Kausar(256k).mp3"
Piya_Ghar_Aavenge___Lyrical,"wedding,marriage","weding/Piya_Ghar_Aavenge___Lyrical_Video___Kailash_Kher___Paresh_Kamath___Naresh_Kamath___Chaandan_Mein(256k).mp3"
Raanjhanaa__Lyrics_,"weding,marriage","weding/Raanjhanaa__Lyrics____Title_Song___Dhanush,_Sonam_Kapoor,_Jaswinder_Singh,_Shiraz_Uppal(256k).mp3"
Saawariya_-_Official_Lyric_,"wedding,marriage","weding/Saawariya_-_Official_Lyric_Video__Aastha_Gill__Kumar_Sanu__Arjun_Bijlani(256k).mp3"
Sajna_-_Wedding_Teaser____,"wedding,marriage","weding/Sajna_-_Wedding_Teaser___Darshan_Raval_Dharal_Surelia(256k).mp3"
Teri_Ore__,"wedding,marriage","weding/Teri_Ore___Full_Audio__Singh_Is_Kinng__Akshay_K_Katrina_K_Pritam_Rahat_Fateh_Ali_Khan_Shreya_Ghoshal(256k).mp3"
WHAT_JHUMKA__,"wedding,marriage","weding/WHAT_JHUMKA___full_lyrics___song(256k).mp3"
Deewangi_Deewangi___Om_Shanti_Om,"wedding,marriage","weding/Deewangi_Deewangi___Om_Shanti_Om___Shahrukh_Khan___Deepika_Padukone___Vishal-Shekhar(256k).mp3"
Aloo_Kachaloo_Beta_Kahan_Gaye_They,"kid,kids,baby,children","kids/Aloo_Kachaloo_Beta_Kahan_Gaye_They__Popular_Hindi_Song_आलू_कचालू_बेटा_कहाँ_गए_थे,लकड़ी_की_काठी(256k).mp3"
Baa_Baa_Black_Sheep,"kid,kids,baby,children","kids/Baa_Baa_Black_Sheep___@CoComelon_Nursery_Rhymes___Kids_Songs(256k).mp3"
Baby_Shark,"kid,kids,baby,children","kids/Baby_Shark___@CoComelon_Nursery_Rhymes___Kids_Songs(256k).mp3"
Bandar_Mama_Pahan_Pajama,"kid,kids,baby,children","kids/Bandar_Mama_Pahan_Pajama_-_3D_Animated_Hindi_Rhymes(256k).mp3"
Bath_Song___,"kid,kids,baby,children","kids/Bath_Song___@CoComelon_Nursery_Rhymes___Kids_Songs(256k).mp3"
Ek_Mota_Hathi_Khelne_Gaya,"kid,kids,baby,children","kids/Ek_Mota_Hathi_Khelne_Gaya,_एक_मोटा_हाथी,_Hindi_Cartoon_Song_and_Baby_Videos(256k).mp3"
Five_Little_Monkeys_Jumping_on_the_bed,"kid,kids,baby,children","kids/Five_Little_Monkeys_Jumping_on_the_bed_-_3D_Animation_English_Nursery_rhyme_for_children(256k).mp3"
Johny_Johny_Yes_Papa,"kid,kids,baby,children","kids/Johny_Johny_Yes_Papa_👶_THE_BEST_Song_for_Children___Kids_Songs___LooLoo_Kids(256k).mp3"
Kalu_Madari___Hindi_Balgeet,"kid,kids,baby,children","kids/Kids_Hindi_Rhyme___Kalu_Madari___Hindi_Balgeet___कालू_मदारी___Kids_Tv_India___Hindi_Nursery_Rhymes(256k).mp3"
Naani_teri_morni_ko,"kid,kids,baby,children","kids/Naani_teri_morni_ko_mor_le_gayest_lyrics(256k) (1).mp3"
Peek_A_Boo,"kid,kids,baby,children","kids/Peek_A_Boo___@CoComelon_Nursery_Rhymes___Kids_Songs(256k).mp3"
Wheels_on_the_Bus,"kid,kids,baby,children","kids/Wheels_on_the_Bus___@CoComelon_Nursery_Rhymes___Kids_Songs(256k).mp3"
Yes_Yes_Playground_Song,"kid,kids,baby,children","kids/Yes_Yes_Playground_Song___@CoComelon_Nursery_Rhymes___Kids_Songs(256k).mp3"
Aaha_Tamatar_Bade_Mazedar,"kid,kids,baby,children","kids/आहा_टमाटर_-_Aaha_Tamatar_Bade_Mazedar_-_Nursery_Rhymes_and_Kids_Song_in_Hindi__Anaya_Rhymes_#cartoon(256k).mp3"

Breathless___Shankar_Mahadevan_,"mahadevan","Shankar Mahadevan/Breathless___Shankar_Mahadevan_Full_Version_!!!(256k).mp3"
Dil_Chahta_Hai_Title_Song,"mahadevan","Shankar Mahadevan/Dil_Chahta_Hai_Title_Song_Lyrical_Video___Shankar_Mahadevan_Aamir_Khan,Akshaye_Khanna,Saif_Ali_Khan(256k).mp3"
Sapnon_Se_Bhare_Naina,"mahadevan","Shankar Mahadevan/Full_Video__Sapnon_Se_Bhare_Naina___Luck_By_Chance___Farhan_Akhtar___Shankar_Mahadevan(256k).mp3"
Lakshya,"mahadevan","Shankar Mahadevan/Lakshya____shankar_Mhadevan__2004___lyrics_(256k).mp3"
Taare_zameen_par,"mahadevan","Shankar Mahadevan/Maa_[_Slowed_and_Reverb_]___Taare_zameen_par___Shankar_Mahadevan___Lyric_Video(256k).mp3"


Subha_Hone_Na_De_,"party,dj","party/_Subha_Hone_Na_De_Full_Song___Desi_Boyz___Akshay_Kumar_,John_Abraham___Pritam____Mika_Singh,_Kumaar(256k).mp3"
Badri_Ki_Dulhania,"party,dj","party/Badri_Ki_Dulhania__Title_Track__Varun,_Alia,_Tanishk,_Neha,_Monali,_Ikka____Badrinath_Ki_Dulhania_(256k).mp3"
Balam_Pichkari_,"party,dj","party/Balam_Pichkari_Full_Song_Video_Yeh_Jawaani_Hai_Deewani___PRITAM___Ranbir_Kapoor,_Deepika_Padukone(256k).mp3"
Character_Dheela,"party,dj","party/Character_Dheela_2.0__Video__Shehzada___Kartik,_Kriti___Neeraj,_Pritam___Rohit_D___Bhushan_Kumar(256k).mp3"
Chogada_-_Loveyatri,"party,dj","party/Chogada_-_Loveyatri__Lyrics____Darshan_Raval___Asees_Kaur(256k).mp3"
Coca-Cola_,"party,dj","party/Coca-Cola_lyric(256k).mp3"
Dance_Ka_Bhoot_,"party,dj","party/Dance_Ka_Bhoot_-_Lyric_Video__Brahmāstra__Ranbir,Alia__Pritam,_Arijit,_Jonita,_Amitabh(256k).mp3"
Desi_Boyz-Title_Song,"party,dj","party/Desi_Boyz-Title_Song__Make_some_noise_for_the_Desi_Boyz__lyrics_[full_song](256k).mp3"
DILBAR_,"party,dj","party/DILBAR_Full_Song___Satyameva_Jayate___John_Abraham_Nora_Fatehi___Tanishk_B_Neha_Kakkar_Ikka_Dhvani(256k).mp3"
Dilliwali_Girlfriend,"party,dj","party/Dilliwali_Girlfriend_Full_Song_Yeh_Jawaani_Hai_Deewani___Ranbir_Kapoor,_Deepika_Padukone___Pritam(256k).mp3"
hawa_hawa_,"party,dj","party/hawa_hawa_lyrics_mubarakaan(256k).mp3"
Kala_Chashma,"party,dj","party/Kala_Chashma_-_Full_Video__Baar_Baar_Dekho__Sidharth_Katrina___Prem_Hardeep_Kam_Badshah_Neha_Indeep(256k).mp3"
Kusu_Kusu__,"party,dj","party/Kusu_Kusu__Lyrics__Satyameva_Jayate_2___Nora_Fatehi___Zahrah_S_Khan,_Dev_Negi,_John_Abraham(256k).mp3"
London_Thumakda,"party,dj","party/London_Thumakda_Lyrics(256k).mp3"
Main_Tera_Boyfriend_Song___Raabta___,"party,dj","party/Main_Tera_Boyfriend_Song___Raabta___Arijit_S___Neha_K_Meet_Bros___Sushant_Singh_Rajput_Kriti_Sanon(256k).mp3"
O_Saki_Saki__Lyrics,"party,dj","party/O_Saki_Saki__Lyrics__-_Nora_Fatehi___Neha_K___Tulsi_K___B_Praak___Batla_House(256k).mp3"
Pyaar_Hota_Kayi_Baar_Hai,"party,dj","party/Pyaar_Hota_Kayi_Baar_Hai__Full_video__Tu_Jhoothi_Main_Makkaar__Ranbir,Shraddha,Pritam,Arijit,Amitabh(256k).mp3"
Show_Me_The_Thumka__Song__Tu_Jhoothi_Main_Makkaar_,"party,dj","party/Show_Me_The_Thumka__Song__Tu_Jhoothi_Main_Makkaar__Ranbir,Shraddha_Pritam_Sunidhi,Shashwat_Amitabh_B(256k).mp3"
Tauba_Tauba_-_Karan_Aujla__Lyrics,"party,dj","party/Tauba_Tauba_-_Karan_Aujla__Lyrics_English_Meaning_(256k).mp3"







